song_id,genre
(G)I-DLE -TOMBOY,Angst
01 Acapulco,Romantic Ballad
01 Coven - 2021,Game Soundtrack
01 Everything Goes On,Game Soundtrack
01 Legends Never Die,Game Soundtrack
01 Puppet,Romantic Ballad
"01 Seraphine, The Starry - Eyed Song",Game Soundtrack
01 Starts Right Here (feat. Kenny Mason),Game Soundtrack
"01 Take Over (feat. Jeremy McKinnon,",Game Soundtrack
01. Playground (from the series Arcane League of Legends),Soundtrack
02. Our Love (from the series Arcane League of Legends),Soundtrack
03. Goodbye (from the series Arcane League of Legends),Soundtrack
04 Running Up That Hill (A Deal with,Singles
04. Dirty Little Animals (from the series Arcane League of Legends),Soundtrack
05. Enemy feat. J.I.D. (from the series Arcane League of Legends),Soundtrack
06. Guns for Hire (from the series Arcane League of Legends),Soundtrack
07. Misfit Toys (from the series Arcane League of Legends),Soundtrack
08. Dynasties and Dystopia (from the series Arcane League of Legends),Soundtrack
09. Snakes (from the series Arcane League of Legends),Soundtrack
10. When Everything Went Wrong (from the series Arcane League of Legends),Soundtrack
11. What Could Have Been feat. Ray Chen (from the series Arcane League of Legends),Soundtrack
14 - twenty one pilots - Drag Path,Angst
16 Choose Your Fighter,Romantic Ballad
2WORLDS -- Madge x VALORANT - Official Audio (64 kbps),Game Soundtrack
347aidan - Dancing in My Room,Game Soundtrack
A Little Wicked -- Valerie Broussard,Angst
Achilles Heel - J. Maya,Angst
Adam Jensen - The Mystic,Game Soundtrack
Alec Benjamin - One Wrong Turn,Angst
Alec Benjamin - Paper Crown,Romantic Ballad
Alexander Stewart - i wish you cheated,Romantic Ballad
ALL NIGHT  TYRANT - HANGMAN VERSION,Romantic Ballad
Angels - Vicetone (Edit),Angst
Anson Seabra - Keep Your Head Up Princess,Romantic Ballad
Apashe - More (Prelude),Angst
Arctic Monkeys - Do I Wanna Know,Angst
Artemas - i like the way you kiss me (64 kbps),Game Soundtrack
Ashley Sienna - What You Need,Angst
"Ashnikko, Yung Baby Tate - STUPID",Angst
Au-Ra - Dance in the Dark,Angst
Ava Max - Belladonna,Angst
Ayla D'Lyla - Money,Angst
Babooshka (2018 Remaster),Angst
Banners - Someone To You,Romantic Ballad
Bastille - Bad Blood,Romantic Ballad
Bebe Rexha - Break My Heart Myself (feat. Travis Barker),Angst
Bebe Rexha - I'm Gonna Show You Crazy,Angst
Benson Boone - Beautiful Things,Romantic Ballad
Besomorph - Army,Game Soundtrack
Besomorph - Not The One,Game Soundtrack
Besomorph - Redemption,Game Soundtrack
Beyonc√© - MY HOUSE,Angst
Billie Eilish - Bored,Romantic Ballad
Billie Eilish - idontwannabeyouanymore,Romantic Ballad
Billie Eilish - you should see me in a crown,Angst
BIRDY RHODES - Let It All Go,Angst
Bishop Briggs - River,Angst
BLACKPINK - THE GIRLS,K-POP
Britney Spears - Circus,Angst
Bruno Mars - Talking to the Moon,Romantic Ballad
Bryce Fox - Horns,Angst
Cars Outside (Luca Schreiner Remix),Angst
Chandler Leighton - When You Say My Name,Angst
Chase Atlantic - Slow Down,Angst
Chicago - Cell Block Tango,Angst
Chinchilla - Little Girl Gone,Angst
Cigarettes After Sex - Cry,Romantic Ballad
CL -  HELLO BITCHES,Angst
Clean Bandit x Elley Duh√© ‚Äì Don‚Äôt Leave Me Lonely,Angst
Cloudy June - FU In My Head,Angst
COBRAH - GOOD PUSS,Angst
Conan Gray - Killing Me,Romantic Ballad
Conan Gray - Lookalike,Romantic Ballad
Conan Gray - The Exit,Romantic Ballad
Connor Price - Violet,Game Soundtrack
Cookiee Kawaii - Violin (feat. Dear Silas),Angst
Creepy Nuts - Bling-Bang-Bang-Born,Game Soundtrack
Cyn - Drinks,Angst
d4vd - Romantic Homicide,Romantic Ballad
David Kushner - Dead Man,Romantic Ballad
Dean Lewis - Hurtless,Romantic Ballad
Desperado - Rihanna,Angst
dhruv - double take,Romantic Ballad
Die For You (Dabin Remix) (64 kbps),Game Soundtrack
Djo - End of Beginning,Romantic Ballad
Doja Cat - Boss Bitch,Angst
Doja Cat - Gun,Romantic Ballad
Dove Cameron - Bad Idea,Angst
Dove Cameron - We Go Down Together,Angst
DPR IAN - So I Danced,Angst
Dua Lipa - Houdini,Romantic Ballad
Egzod - Don-'t Surrender,Game Soundtrack
Egzod - No Rival,Game Soundtrack
Egzod - Royalty,Game Soundtrack
Elita - Sour Switchblade,Angst
Elley Duh√© - PIECES,Angst
Ellie Goulding - My Blood,Angst
Ellise - 911,Angst
Em Beihold - Too Precious,Angst
EMELINE - cinderella's dead,Angst
emlyn - temporary funeral,Angst
Everbody Wants To Rule The World - Lorde,Angst
Fairly Local - Twenty One Pilots,Angst
Faouzia - Hero (1),Romantic Ballad
FLETCHER - Serial Heartbreaker,Romantic Ballad
Flo Milli - Never Lose Me,Romantic Ballad
"Frawley - If I Don-'t Laugh, I-'ll Cry",Romantic Ballad
girl in red - Rue,Romantic Ballad
GIVƒíON - Heartbreak Anniversary,Romantic Ballad
Good Neighbours - Home,Romantic Ballad
"Gracie Abrams - I miss you, I‚Äôm sorry",Romantic Ballad
grandson - Rain (with Jessie Reyez),Angst
Grant Knoche - ICARUS,Angst
Griff - Black Hole,Romantic Ballad
Groupthink - Buy likes,Angst
Hailee Steinfeld - SunKissing,Romantic Ballad
Halflives - Villain,Angst
Halle Abadi - BOYTOY,Angst
Halsey - Gasoline,Angst
Harry Styles - Carolina,Romantic Ballad
Harry Styles - Kiwi,Romantic Ballad
Harry Styles - Sweet Creature,Romantic Ballad
Harry Styles - Woman,Romantic Ballad
HEARTSTEEL - PARANOIA,Game Soundtrack
Henry Moodie - drunk text,Romantic Ballad
I DONT KNOW HOW BUT THEY FOUND ME -Choke,Angst
I Monster - Who Is She,Angst
I Will Carry You - Tommee Profitt & Stephen Stanley,Angst
I WISH I COULD HATE YOU FOR BREAKING ME AND CALLING IT LOVE,Angst
I've Had Enough - Melina KB,Angst
iamnotshane - Maybe My Soulmate Died,Angst
Imagine Dragons - Bones,Angst
Isabel LaRosa - im yours,Angst
Isabel LaRosa - older,Angst
Jade LeMac - Aimed to Kill,Angst
Jagwar Twin - Bad Feeling (Oompa Loompa),Angst
James Arthur - Car's Outside,Angst
Jann - Gladiator,Angst
Jax - Victoria-'s Secret,Romantic Ballad
JENNIE - You & Me,Romantic Ballad
Jeremy Zucker - this is how you fall in love,Romantic Ballad
Jessica Baio - trust issues,Romantic Ballad
Jessie Murph - Pray,Romantic Ballad
"Jnr Choi, Sam Tompkins - TO THE MOON",Angst
Joel Sunny - Luminary,Romantic Ballad
Johnny Orlando - someone will love you better,Romantic Ballad
Joji - SLOW DANCING IN THE DARK,Romantic Ballad
Jorge Rivera-Herrans - Just a Man,Angst
Josh Levi - ALL OVER AGAIN,Angst
Jvke - catch me,Romantic Ballad
Jvke - i-'m not okay,Romantic Ballad
Jvke - this is what autumn feels like,Romantic Ballad
Jvke - this is what falling out of love feels like,Romantic Ballad
Jvke - this is what heartbreak feels like,Romantic Ballad
Jvke - this is what losing someone feels like,Romantic Ballad
Jvke - this is what sadness feels like,Romantic Ballad
K-391 - Aurora,Game Soundtrack
K-DA - DRUM GO DUM,Game Soundtrack
K-DA - MORE,Game Soundtrack
K-DA - POP-STARS,Game Soundtrack
K-DA - THE BADDEST,Game Soundtrack
K-DA - VILLAIN,Game Soundtrack
Kailee Morgue - Siren,Angst
Katie Gregson-MacLeod - complex (demo),Romantic Ballad
Keane - Somewhere Only We Know,Romantic Ballad
Labrinth - Jealous,Romantic Ballad
Lana Del Rey - Lolita,Angst
Lana Del Rey - Radio,Romantic Ballad
Lana Del Rey ‚Äì Season of the Witch,Angst
Laura Karpman - Ms. Marvel Suite,Angst
Lauren Spencer Smith - Best Friend Breakup,Romantic Ballad
League of Legends - As We Fall,Game Soundtrack
League of Legends - Awaken,Game Soundtrack
League of Legends - Burn It All Down,Game Soundtrack
League of Legends - Burning Bright,Game Soundtrack
League of Legends - Fire To The Fuse,Game Soundtrack
League of Legends - Get Jinxed,Game Soundtrack
League of Legends - GODS,Game Soundtrack
League of Legends - Legends Never Die,Game Soundtrack
League of Legends - Piercing Light,Game Soundtrack
League of Legends - REMIX RUMBLE,Game Soundtrack
League of Legends - RISE,Game Soundtrack
League of Legends - The Curse of the Sad Mummy,Game Soundtrack
League of Legends - Warriors,Game Soundtrack
League of Legends - Worlds Collide,Game Soundtrack
Lesley Gore - You Don't Own Me,Angst
Lewis Blissett - Killing Butterflies,Angst
Lewis Capaldi - Before You Go,Romantic Ballad
Lewis Capaldi - Bruises,Romantic Ballad
Lewis Capaldi - Forget Me,Romantic Ballad
Lewis Capaldi - Hold Me While You Wait,Romantic Ballad
Lewis Capaldi - Pointless,Romantic Ballad
Lewis Capaldi - Someone You Loved (1),Romantic Ballad
Lewis Capaldi - Wish You The Best,Romantic Ballad
Lexi Jayde - drunk text me,Romantic Ballad
Little Mermaid - Poor Unfortunate Souls,Angst
Loki Green Theme - Natalie Holt,Game Soundtrack
Lorde - Team,Angst
Lost Sky - Fearless,Game Soundtrack
Lucifer - Elle Lexxa,Angst
LUNA AURA - HONEY,Angst
M.I.A. - Bad Girls,Angst
Madalen Duke - How Villains Are Made,Angst
Madison Beer - Good In Goodbye,Romantic Ballad
Madison Beer - Make You Mine,Romantic Ballad
Madison Beer - Showed Me (How I Fell In Love With You),Angst
Maisie Peters - Smile,Angst
Massacre - Kim Petras,Angst
Meg Smith - Cross My Heart I Hope U Die,Angst
Megan Thee Stallion - HISS,Angst
Melanie Martinez - EVIL,Angst
Melanie Martinez - Mad Hatter,Angst
Michael Bubl√© - Feeling Good,Angst
"Mickey Valen, Joey Myron - Chills (Dark Version)",Angst
MIDDLE OF THE NIGHT,Angst
Miley Cyrus - Angels Like You,Romantic Ballad
Miley Cyrus - Mother's Daughter,Angst
Mimi Webb - Good Without,Romantic Ballad
MISSIO - I Dont Even Care About You,Angst
Mitski - My Love Mine All Mine,Romantic Ballad
Mother Mother - Hayloft,Angst
Mother Mother - Verbatim,Angst
My Chemical Romance - Teenagers,Angst
Natalie Jane - AVA,Angst
Natalie Jane - Seven,Angst
NATURE,Angst
Nelly Furtado - Maneater,Angst
Neoni - DARKSIDE,Angst
Neoni - LOSER,Angst
Neoni - OUTLAW,Angst
Neoni - Paranoia,Angst
Neoni - VILLAIN,Angst
Nessa Barrett - die first,Romantic Ballad
New West - Those Eyes (1),Romantic Ballad
NF - Let You Down,Game Soundtrack
NF - The Search,Game Soundtrack
Niall Horan - Meltdown,Romantic Ballad
Nina Tribus - Beneath My Throne,Angst
Nina Tribus - Medusa,Angst
Nirvana - Something In The Way,Angst
Noah Cyrus - July,Romantic Ballad
Noah Kahan - Stick Season,Romantic Ballad
Olivia Rodrigo - Can‚Äôt Catch Me Now,Romantic Ballad
One True God x The Tech Thieves - Keep You (64 kbps),Game Soundtrack
Panic Room - Au-Ra,Angst
Paris Paloma - labour,Angst
Peter Gabriel - Heroes,Angst
Phoenix,Game Soundtrack
Poor Marionette - Sarah Cothran,Angst
Poppy - I Disagree,Angst
Porter Robinson - Everything Goes On,Game Soundtrack
Poylow - Hate You,Game Soundtrack
Prismo - Solo,Game Soundtrack
Rachel Zegler - The Hanging Tree,Romantic Ballad
Radiohead - Everything In Its Right Place,Angst
Radiohead - No Surprises,Angst
Red Leather - SINS,Angst
rhianne - Somewhere Only We Know,Romantic Ballad
Richard Carter - Le Monde,Romantic Ballad
Richy Mitch & The Coal Miners - Evergreen,Romantic Ballad
Robin Hustin - Light It Up,Game Soundtrack
RudyWade - Trapped in a Dream,Game Soundtrack
Ruelle - Monsters,Angst
Run Boy Run - Woodkid,Angst
Sabai - Scared,Game Soundtrack
Sabrina Carpenter - Feather,Romantic Ballad
Sad Night Dynamite - Smoke Hole (Edit),Angst
salem ilese - don-'t shop when ur hungry !! (feat. vaultboy),Angst
Sara Kays - Remember That Night,Romantic Ballad
Sarah Jeffery - Queen of Mean,Angst
Sasha Alex Sloan - Lie,Romantic Ballad
Scissor Sisters - I Can't Decide,Angst
She Bad (64 kbps),Game Soundtrack
Slush Puppy - EAT SPIT! (feat. Royal & the Serpent),Angst
SNOW WIFE - AMERICAN HORROR SHOW,Angst
Soap&Skin - Me and the Devil,Hannibal üñï Will
Sohodolls - Bang Bang Bang Bang,Angst
SpotiDownloader.com - 12 to 12 - sombr,Romantic Ballad
SpotiDownloader.com - 1950 - King Princess,Romantic Ballad
SpotiDownloader.com - 3am - Halsey,Romantic Ballad
spotidownloader.com - After Midnight - Chappell Roan,Romantic Ballad
SpotiDownloader.com - Again (feat. XXXTENTACION) - Noah Cyrus,Romantic Ballad
SpotiDownloader.com - All The Things She Said - t.A.T.u.,Angst
SpotiDownloader.com - Alone - Halsey,Angst
SpotiDownloader.com - Alter Ego (with JT) - Doechii,Angst
SpotiDownloader.com - Angry Too - Lola Blanc,Angst
SpotiDownloader.com - Anxiety - Doechii,Romantic Ballad
SpotiDownloader.com - Apocalypse - Cigarettes After Sex,Romantic Ballad
SpotiDownloader.com - back to friends - sombr,Romantic Ballad
SpotiDownloader.com - Bad At Love - Halsey,Romantic Ballad
SpotiDownloader.com - Before He Cheats - Carrie Underwood,Angst
SpotiDownloader.com - Black Friday - Tom Odell,Romantic Ballad
SpotiDownloader.com - Bloodline (with Jelly Roll) - Alex Warren,Romantic Ballad
SpotiDownloader.com - Blow - Kesha,Romantic Ballad
SpotiDownloader.com - Boom Clap - Charli xcx,Romantic Ballad
SpotiDownloader.com - Born With a Broken Heart - Damiano David,Romantic Ballad
SpotiDownloader.com - Boyfriend - Dove Cameron,Angst
SpotiDownloader.com - Breakin' Dishes - Rihanna,Romantic Ballad
SpotiDownloader.com - Breathe - Olly Alexander (Years & Years),Angst
spotidownloader.com - Busy Woman - Sabrina Carpenter,Romantic Ballad
SpotiDownloader.com - Cake - Melanie Martinez,Angst
spotidownloader.com - California - Chappell Roan,Romantic Ballad
SpotiDownloader.com - Can't Hold Us (feat. Ray Dalton) - Macklemore,Romantic Ballad
SpotiDownloader.com - Castle - Halsey,Angst
SpotiDownloader.com - Chest Pain (I Love) - Malcolm Todd,Romantic Ballad
SpotiDownloader.com - Closer to the moon - Anya Nami,Romantic Ballad
spotidownloader.com - Coffee - Chappell Roan,Romantic Ballad
spotidownloader.com - Come Back for Me - Jaymes Young,Hannibal üñï Will
SpotiDownloader.com - Confident - Demi Lovato,Angst
SpotiDownloader.com - Control - Halsey,Angst
SpotiDownloader.com - Die On This Hill - SIENNA SPIRO,Romantic Ballad
SpotiDownloader.com - Drinking with Cupid - VOIL√Ä,Angst
spotidownloader.com - DtMF - Bad Bunny,Romantic Ballad
SpotiDownloader.com - Duvet - b√¥a,Romantic Ballad
SpotiDownloader.com - dying on the inside - Nessa Barrett,Angst
spotidownloader.com - earthquake - JISOO,Romantic Ballad
SpotiDownloader.com - EGO - Qing Madi,Game Soundtrack
SpotiDownloader.com - Elastic Heart - Sia,Romantic Ballad
SpotiDownloader.com - End of the World - Miley Cyrus,Romantic Ballad
SpotiDownloader.com - Eternity - Alex Warren,Romantic Ballad
SpotiDownloader.com - Everything is romantic - Charli xcx,Romantic Ballad
SpotiDownloader.com - Everything is romantic featuring caroline polachek - Charli xcx,Romantic Ballad
SpotiDownloader.com - Eyes Closed - Imagine Dragons,Angst
SpotiDownloader.com - Falling In Love - Cigarettes After Sex,Romantic Ballad
SpotiDownloader.com - Figure You Out - VOIL√Ä,Angst
SpotiDownloader.com - Fix You - Coldplay,Romantic Ballad
SpotiDownloader.com - Gabriela - KATSEYE,Angst
"SpotiDownloader.com - Girl, so confusing featuring lorde - Charli xcx",Romantic Ballad
SpotiDownloader.com - Give Your Heart A Break (with robbietheused) - Rock Version - Demi Lovato,Angst
SpotiDownloader.com - Gnarly - KATSEYE,Angst
SpotiDownloader.com - GOSSIP (feat. Tom Morello) - M√•neskin,Angst
SpotiDownloader.com - Hard Times - Paramore,Angst
SpotiDownloader.com - Heavy - The Mar√≠as,Romantic Ballad
SpotiDownloader.com - her - JVKE,Romantic Ballad
SpotiDownloader.com - Hold My Hand - Jess Glynne,Romantic Ballad
SpotiDownloader.com - Honeypie - JAWNY,Romantic Ballad
SpotiDownloader.com - Hot N Cold - Katy Perry,Romantic Ballad
SpotiDownloader.com - How I'd Kill - Cowboy Malfoy,Angst
SpotiDownloader.com - How to Be a Heartbreaker - MARINA,Angst
"SpotiDownloader.com - I Love You, I'm Sorry - Gracie Abrams",Romantic Ballad
SpotiDownloader.com - idfc - blackbear,Romantic Ballad
SpotiDownloader.com - Illegal - PinkPantheress,Romantic Ballad
SpotiDownloader.com - Je te laisserai des mots - Patrick Watson,Romantic Ballad
SpotiDownloader.com - Just Keep Watching (From F1¬Æ The Movie) - Tate McRae,Romantic Ballad
SpotiDownloader.com - Kiss Me - Sixpence None The Richer,Romantic Ballad
SpotiDownloader.com - LABOUR - the cacophony - Paris Paloma,Angst
SpotiDownloader.com - Like A Villain - Bad Omens,Angst
SpotiDownloader.com - Love Me Not - Ravyn Lenae,Romantic Ballad
SpotiDownloader.com - Lover Girl - Laufey,Romantic Ballad
spotidownloader.com - luther (with sza) - Kendrick Lamar,Romantic Ballad
SpotiDownloader.com - MAMMAMIA - M√•neskin,Angst
SpotiDownloader.com - Man Of The Year - Lorde,Angst
SpotiDownloader.com - Manchild - Sabrina Carpenter,Romantic Ballad
SpotiDownloader.com - Mercy - Shawn Mendes,Romantic Ballad
SpotiDownloader.com - Mess It Up - Gracie Abrams,Romantic Ballad
SpotiDownloader.com - My Girl - Isabel LaRosa,Romantic Ballad
SpotiDownloader.com - my lawyer said don't - VALORANT,Game Soundtrack
spotidownloader.com - Naked In Manhattan - Chappell Roan,Romantic Ballad
SpotiDownloader.com - Next Semester - Twenty One Pilots,Angst
SpotiDownloader.com - Next Summer - Damiano David,Romantic Ballad
SpotiDownloader.com - Nightmare - Halsey,Angst
SpotiDownloader.com - No Broke Boys - Disco Lines,Angst
SpotiDownloader.com - No One Noticed - The Mar√≠as,Romantic Ballad
SpotiDownloader.com - No. 1 Party Anthem - Arctic Monkeys,Romantic Ballad
SpotiDownloader.com - Nobody Gets Me - SZA,Romantic Ballad
SpotiDownloader.com - Nobody New - The Mar√≠as,Romantic Ballad
SpotiDownloader.com - Nothing Breaks Like a Heart - Spotify Singles - Damiano David,Romantic Ballad
SpotiDownloader.com - Nothing's Gonna Hurt You Baby - Cigarettes After Sex,Romantic Ballad
SpotiDownloader.com - One Dance - Drake,Angst
SpotiDownloader.com - One More Hour - Tame Impala,Romantic Ballad
spotidownloader.com - Ordinary - Alex Warren,Romantic Ballad
SpotiDownloader.com - Pain - PinkPantheress,Romantic Ballad
SpotiDownloader.com - party 4 u - Charli xcx,Romantic Ballad
SpotiDownloader.com - Past Lives - B√òRNS,Romantic Ballad
spotidownloader.com - Picture You - Chappell Roan,Romantic Ballad
SpotiDownloader.com - Pity Party - Melanie Martinez,Angst
SpotiDownloader.com - Pretty Little Baby - Connie Francis,Romantic Ballad
SpotiDownloader.com - Rock That Body - Black Eyed Peas,Angst
SpotiDownloader.com - Run Away - Chezile,Romantic Ballad
SpotiDownloader.com - RUNRUNRUN - Dutch Melrose,Angst
SpotiDownloader.com - savior - sombr,Romantic Ballad
SpotiDownloader.com - Seventeen Going Under - Sam Fender,Romantic Ballad
SpotiDownloader.com - She Looks So Perfect - 5 Seconds of Summer,Romantic Ballad
SpotiDownloader.com - Skin and Bones - David Kushner,Angst
SpotiDownloader.com - Sonne - Rammstein,Angst
SpotiDownloader.com - Sorry - Halsey,Romantic Ballad
SpotiDownloader.com - Starboy - The Weeknd,Angst
SpotiDownloader.com - Sugar On My Tongue - Tyler,Romantic Ballad
spotidownloader.com - Sunburn - Brian Cheng,Hannibal üñï Will
SpotiDownloader.com - Sunsetz - Cigarettes After Sex,Romantic Ballad
SpotiDownloader.com - Supercut - Lorde,Romantic Ballad
SpotiDownloader.com - supernatural - Ariana Grande,Romantic Ballad
SpotiDownloader.com - Tangerine (feat. d4vd) - Damiano David,Romantic Ballad
SpotiDownloader.com - That‚Äôs So True - Gracie Abrams,Romantic Ballad
SpotiDownloader.com - The 30th - Billie Eilish,Romantic Ballad
SpotiDownloader.com - The Cut That Always Bleeds - Conan Gray,Romantic Ballad
SpotiDownloader.com - The First Time - Damiano David,Romantic Ballad
SpotiDownloader.com - The Giver - Chappell Roan,Romantic Ballad
SpotiDownloader.com - The Hand - Annabelle Dinda,Angst
SpotiDownloader.com - The Only Exception - Paramore,Romantic Ballad
SpotiDownloader.com - The Scientist - Coldplay,Romantic Ballad
SpotiDownloader.com - The Subway - Chappell Roan,Romantic Ballad
SpotiDownloader.com - There Is a Light That Never Goes Out - 2011 Remaster - The Smiths,Romantic Ballad
SpotiDownloader.com - There's Nothing Holdin' Me Back - Shawn Mendes,Romantic Ballad
SpotiDownloader.com - This Love - Maroon 5,Romantic Ballad
SpotiDownloader.com - Too Much - Dove Cameron,Romantic Ballad
SpotiDownloader.com - Touch - Cigarettes After Sex,Romantic Ballad
SpotiDownloader.com - TV - Billie Eilish,Romantic Ballad
SpotiDownloader.com - twilight zone - Ariana Grande,Romantic Ballad
SpotiDownloader.com - TYRANT - Beyonc√©,Romantic Ballad
SpotiDownloader.com - undressed - sombr,Romantic Ballad
SpotiDownloader.com - Walls Could Talk - Halsey,Angst
SpotiDownloader.com - We Hug Now - Sydney Rose,Romantic Ballad
SpotiDownloader.com - we never dated - sombr,Romantic Ballad
SpotiDownloader.com - welcome and goodbye - Dream,Romantic Ballad
SpotiDownloader.com - What Was That - Lorde,Angst
SpotiDownloader.com - Where Have You Been - Rihanna,Angst
SpotiDownloader.com - WONDERLAND - Neoni,Angst
SpotiDownloader.com - would've been you - sombr,Romantic Ballad
SpotiDownloader.com - Yellow Flicker Beat - Lorde,Angst
"spotifydown.com - 100,000 People",Hannibal üñï Will
spotifydown.com - 24,Romantic Ballad
spotifydown.com - A Bar Song (Tipsy),Romantic Ballad
spotifydown.com - A Tear in Space (Airlock),Romantic Ballad
spotifydown.com - Abracadabra - Lady Gaga,Angst
spotifydown.com - Alibi (with Pabllo Vittar & Yseult),Romantic Ballad
spotifydown.com - all the kids are depressed,Romantic Ballad
spotifydown.com - Alrighty Aphrodite,Romantic Ballad
spotifydown.com - Animal - Chase Holfelder,Hannibal üñï Will
spotifydown.com - Apple,Romantic Ballad
spotifydown.com - as good a reason,Angst
spotifydown.com - As the World Caves In,Hannibal üñï Will
spotifydown.com - Austin,Romantic Ballad
spotifydown.com - Baby Blue Bathing Suit,Romantic Ballad
spotifydown.com - Baby Blue Movie,Romantic Ballad
spotifydown.com - Backslide,Romantic Ballad
spotifydown.com - Bad Reputation - Joan Jett & the Blackhearts,Angst
spotifydown.com - Becky's So Hot,Angst
spotifydown.com - Become the Beast - Karliene,Hannibal üñï Will
spotifydown.com - Better People To Leave On Read,Angst
spotifydown.com - Bleeding Out,Romantic Ballad
spotifydown.com - Bloodsucker,Angst
spotifydown.com - blue - yung kai,Romantic Ballad
spotifydown.com - Car Radio - Twenty One Pilots,Angst
spotifydown.com - Cherry Tree,Hannibal üñï Will
spotifydown.com - Cigarette,Romantic Ballad
spotifydown.com - Close To You,Romantic Ballad
spotifydown.com - Cold Cold Cold - Cage The Elephant,Angst
spotifydown.com - Comfortable,Angst
spotifydown.com - CORALINE - M√•neskin,Angst
spotifydown.com - Cry Evil!,Angst
spotifydown.com - Cry,Angst
spotifydown.com - DENIAL IS A RIVER - Doechii,Angst
spotifydown.com - Desire,Hannibal üñï Will
spotifydown.com - Die With A Smile,Romantic Ballad
spotifydown.com - Different Kind Of Beautiful,Angst
spotifydown.com - Dog Days Are Over,Angst
spotifydown.com - Don't Go Insane,Angst
spotifydown.com - Eleanor Rigby,Angst
spotifydown.com - Enemy with JID (Opening Title Version),Soundtrack
spotifydown.com - Espresso,Romantic Ballad
spotifydown.com - Every Breath You Take - The Police,Hannibal üñï Will
spotifydown.com - eyes don't lie,Angst
spotifydown.com - Fade Into You,Angst
spotifydown.com - Faint - Linkin Park,Angst
spotifydown.com - favorite,Angst
spotifydown.com - Feels Like,Romantic Ballad
spotifydown.com - Fourth of July,Romantic Ballad
spotifydown.com - Francesca,Angst
spotifydown.com - Girl With One Eye,Angst
spotifydown.com - Goddess,Romantic Ballad
"spotifydown.com - Good Luck, Babe!",Angst
spotifydown.com - Guess featuring Billie Eilish,Romantic Ballad
spotifydown.com - Half of forever,Romantic Ballad
spotifydown.com - HEARTBEAT,Angst
spotifydown.com - Heavy (feat. Kiiara) - Linkin Park,Angst
spotifydown.com - Heavy Is The Crown (Original Score) (from the series Arcane League of Legends),Soundtrack
spotifydown.com - Hellfire (from the series Arcane League of Legends),Soundtrack
spotifydown.com - Hero,Romantic Ballad
spotifydown.com - High,Angst
spotifydown.com - Highway to Hell,Angst
spotifydown.com - HIND'S HALL,Angst
spotifydown.com - HOT TO GO!,Romantic Ballad
spotifydown.com - Houdini,Romantic Ballad
spotifydown.com - Humankind,Angst
spotifydown.com - i am not who i was,Romantic Ballad
spotifydown.com - I Can't Hear It Now (from the series Arcane League of Legends),Soundtrack
spotifydown.com - I Feel Like I'm Drowning - Two Feet,Angst
spotifydown.com - I Love You So,Romantic Ballad
spotifydown.com - I Sent My Therapist To Therapy,Angst
spotifydown.com - I Walk The Line - Halsey,Hannibal üñï Will
spotifydown.com - I Was Made For Lovin‚Äô You (from The Fall Guy) [Orchestral Version],Romantic Ballad
spotifydown.com - I Was Made For Lovin‚Äô You - from The Fall Guy [Orchestral Version],Romantic Ballad
spotifydown.com - I.Crawl - Childish Gambino,Hannibal üñï Will
spotifydown.com - Icarus,Romantic Ballad
spotifydown.com - if u think i'm pretty,Angst
spotifydown.com - II MOST WANTED,Romantic Ballad
spotifydown.com - Illusion,Romantic Ballad
spotifydown.com - In My Bones,Angst
spotifydown.com - In My Room,Romantic Ballad
spotifydown.com - In This Shirt,Hannibal üñï Will
spotifydown.com - Insane,Angst
spotifydown.com - Iris - The Goo Goo Dolls,Angst
spotifydown.com - Iris,Romantic Ballad
spotifydown.com - Jackie And Wilson,Romantic Ballad
spotifydown.com - Killing Me,Angst
spotifydown.com - la di die (feat. Jaden Hossler),Angst
spotifydown.com - Left Hand Free,Angst
spotifydown.com - Legend,Angst
spotifydown.com - Let Me Follow,Hannibal üñï Will
spotifydown.com - LET THE WORLD BURN,Angst
spotifydown.com - Little Lion Man,Romantic Ballad
spotifydown.com - Love Crime - Amuse-Bouche Version,Hannibal üñï Will
spotifydown.com - Ma Meilleure Ennemie (from the series Arcane League of Legends),Soundtrack
spotifydown.com - Mary On A Cross - Ghost,Angst
spotifydown.com - Messy - Lola Young,Angst
spotifydown.com - Miserable Man,Romantic Ballad
spotifydown.com - Miss Me Too,Romantic Ballad
spotifydown.com - Monsters (feat. blackbear) - All Time Low,Angst
spotifydown.com - Murder On The Dancefloor,Angst
spotifydown.com - Mystery of Love,Romantic Ballad
spotifydown.com - New Woman (feat. ROSAL√çA),Romantic Ballad
"spotifydown.com - No Light, No Light",Hannibal üñï Will
spotifydown.com - Not Like Us,Romantic Ballad
spotifydown.com - Nothing's New,Angst
spotifydown.com - Numb,Angst
spotifydown.com - Oblivions,Hannibal üñï Will
spotifydown.com - obsessed,Angst
spotifydown.com - Off To The Races - Lana Del Rey,Hannibal üñï Will
spotifydown.com - Orpheus,Romantic Ballad
spotifydown.com - Please Please Please,Romantic Ballad
spotifydown.com - Pretty Little Devil,Angst
spotifydown.com - PUSH 2 START - Tyla,Angst
spotifydown.com - Renegade (We Never Run) (from the series Arcane League of Legends),Soundtrack
spotifydown.com - Risk,Romantic Ballad
spotifydown.com - Rockstar,Angst
spotifydown.com - Seven Nation Army,Angst
spotifydown.com - SICK,Angst
spotifydown.com - Sleep Deprivation,Romantic Ballad
spotifydown.com - Slow It Down,Romantic Ballad
spotifydown.com - So What,Angst
spotifydown.com - Softcore,Angst
"spotifydown.com - Soldier, Poet, King",Romantic Ballad
spotifydown.com - Someone New,Romantic Ballad
spotifydown.com - Something Blue,Angst
spotifydown.com - Stardust,Romantic Ballad
spotifydown.com - Stargazing,Romantic Ballad
spotifydown.com - Sucker (from the series Arcane League of Legends),Soundtrack
spotifydown.com - Take Me to the Beach (feat. Ado) - Imagine Dragons,Angst
spotifydown.com - Taste,Romantic Ballad
spotifydown.com - TEXAS HOLD 'EM,Romantic Ballad
spotifydown.com - That Girl - Emei,Angst
spotifydown.com - The Craving - single version,Romantic Ballad
spotifydown.com - The Kids Aren't Alright - The Offspring,Angst
spotifydown.com - The Phoenix,Angst
spotifydown.com - To Ashes and Blood (from the series Arcane League of Legends),Soundtrack
spotifydown.com - Too Sweet,Angst
spotifydown.com - trouble,Angst
spotifydown.com - Two Men in Love,Hannibal üñï Will
spotifydown.com - us. (feat. Taylor Swift),Romantic Ballad
spotifydown.com - Use Somebody - Kings of Leon,Angst
spotifydown.com - Victorious,Angst
spotifydown.com - Viva La Vida,Angst
spotifydown.com - Washing Machine Heart,Angst
spotifydown.com - Way down We Go,Hannibal üñï Will
spotifydown.com - Welcome to the Black Parade,Angst
spotifydown.com - Whatever,Romantic Ballad
spotifydown.com - Where's My Love,Romantic Ballad
spotifydown.com - Wicked Game,Hannibal üñï Will
spotifydown.com - Wildflower and Barley,Angst
spotifydown.com - –°—É–¥–Ω–æ (–ë–æ—Ä–∏—Å –†–∏–∂–∏–π),Angst
SpotifyMate.com - Mantra - JENNIE,Romantic Ballad
SpotifyMate.com - The Emptiness Machine - Linkin Park,Angst
SpotiMate.io - A Little Death - The Neighbourhood,Romantic Ballad
SpotiMate.io - Alejandro - Lady Gaga,Angst
SpotiMate.io - All I Wanted - Paramore,Angst
SpotiMate.io - Beanie - Chezile,Romantic Ballad
SpotiMate.io - Bubblegum Bitch - MARINA,Angst
SpotiMate.io - Cake By The Ocean - DNCE,Angst
SpotiMate.io - Chemtrails Over The Country Club - Lana Del Rey,Romantic Ballad
SpotiMate.io - Cinnamon Girl - Lana Del Rey,Romantic Ballad
SpotiMate.io - Demons - Imagine Dragons,Angst
SpotiMate.io - Derni√®re danse - Indila,Angst
SpotiMate.io - did i tell u that i miss u - adore,Romantic Ballad
SpotiMate.io - Diet Mountain Dew - Lana Del Rey,Romantic Ballad
SpotiMate.io - Dracula - Tame Impala,Angst
SpotiMate.io - Folded - Kehlani,Angst
SpotiMate.io - Francis Forever - Mitski,Romantic Ballad
SpotiMate.io - Good Looking - Suki Waterhouse,Romantic Ballad
SpotiMate.io - Green Light - Lorde,Angst
SpotiMate.io - Heavenly - Cigarettes After Sex,Romantic Ballad
SpotiMate.io - I Bet on Losing Dogs - Mitski,Romantic Ballad
SpotiMate.io - i wanna be your girlfriend - girl in red,Romantic Ballad
SpotiMate.io - Let Down - Radiohead,Angst
SpotiMate.io - Level of Concern - Twenty One Pilots,Angst
SpotiMate.io - Lovers Rock - TV Girl,Romantic Ballad
SpotiMate.io - Lush Life - Zara Larsson,Romantic Ballad
SpotiMate.io - Man I Need - Olivia Dean,Romantic Ballad
SpotiMate.io - Music To Watch Boys To - Lana Del Rey,Romantic Ballad
SpotiMate.io - One More Night - Maroon 5,Romantic Ballad
SpotiMate.io - Please Be Rude - Gigi Perez,Romantic Ballad
SpotiMate.io - Poker Face - Lady Gaga,Angst
SpotiMate.io - Roommates - Malcolm Todd,Romantic Ballad
SpotiMate.io - Salvatore - Lana Del Rey,Romantic Ballad
SpotiMate.io - Sienna - The Mar√≠as,Romantic Ballad
SpotiMate.io - Something About You - Eyedress,Romantic Ballad
SpotiMate.io - Space Song - Beach House,Romantic Ballad
SpotiMate.io - Stay - Rihanna,Romantic Ballad
SpotiMate.io - The Dead Dance - Lady Gaga,Romantic Ballad
SpotiMate.io - The Last Of The Real Ones - Fall Out Boy,Angst
SpotiMate.io - The Other Woman - Lana Del Rey,Romantic Ballad
SpotiMate.io - the perfect pair - beabadoobee,Romantic Ballad
SpotiMate.io - The Water Is Fine - Chloe Ament,Romantic Ballad
SpotiMate.io - TIT FOR TAT - Tate McRae,Romantic Ballad
SpotiMate.io - Treat You Better - Shawn Mendes,Romantic Ballad
SpotiMate.io - Vienna - Billy Joel,Romantic Ballad
Stephen Dawes - Teenage Dream,Romantic Ballad
Stileto - Dead Or Alive,Game Soundtrack
Stileto - Super Villain,Game Soundtrack
Sub Urban - Freak feat. REI AMI,Angst
SZA - I Hate U,Romantic Ballad
Tate McRae - exes,Romantic Ballad
Tate McRae - greedy,Angst
Tate McRae - Sports car,Angst
Tate McRae - what would you do,Romantic Ballad
Tate Mcrae-1035,Angst
Tears of Gold,Romantic Ballad
Teddy Swims - Lose Control,Angst
The Bidding - Tally Hall,Angst
The Boys - I Can Do Anything,Game Soundtrack
The Devil Is A Gentleman - Merci Raines,Angst
The Mar√≠as - baby one more time,Angst
The Mar√≠as - Hush,Angst
The Neighbourhood - Sweater Weather,Romantic Ballad
The Tech Thieves - Fake,Game Soundtrack
The Whole Being Dead Thing,Angst
This Mountain,Romantic Ballad
Tommy Genesis - a woman is a god,Angst
Troye Sivan - One Of Your Girls,Romantic Ballad
Unknown Brain - Control,Game Soundtrack
Unlike Pluto - Worst in Me,Game Soundtrack
UPSAHL - Wish You'd Make Me Cry,Angst
VALORANT - Die For You,Game Soundtrack
VALORANT - Fire Again,Game Soundtrack
VALORANT - RE-IGNITION,Game Soundtrack
VALORANT - RENEGADE,Game Soundtrack
VALORANT - Ticking Away,Game Soundtrack
VALORANT - VISIONS,Game Soundtrack
Vaultboy - everything sucks,Romantic Ballad
Vendetta- Unsecret,Angst
Veronica Swift - In the Moonlight,Angst
VILLAINS,Angst
Walk Off the Earth - My Stupid Heart,Romantic Ballad
WHY DONT WE - HOW DO YOU LOVE SOMEBODY,Angst
Will Jay - I Need Control,Angst
Winona Oak - SHE,Angst
wires - the neighbourhood,Angst
YUNGBLUD - fleabag,Angst
Zeph - could you love me while i hate myself,Romantic Ballad
[SPOTDOWNLOADER.COM] American Clich√©,Romantic Ballad
[SPOTDOWNLOADER.COM] Angel,Romantic Ballad
[SPOTDOWNLOADER.COM] APT.,Romantic Ballad
[SPOTDOWNLOADER.COM] Big Dawgs,Angst
[SPOTDOWNLOADER.COM] Bring Me To Life,Angst
[SPOTDOWNLOADER.COM] CASTLE OF GLASS,Angst
[SPOTDOWNLOADER.COM] Chihiro,Angst
[SPOTDOWNLOADER.COM] Come Play (from the series Arcane League of Legends),Instrumental
[SPOTDOWNLOADER.COM] Courtesy Call,Angst
[SPOTDOWNLOADER.COM] CRAZY,Romantic Ballad
[SPOTDOWNLOADER.COM] Creatures in Heaven,Romantic Ballad
[SPOTDOWNLOADER.COM] cross my heart,Angst
[SPOTDOWNLOADER.COM] Dial Tone,Angst
[SPOTDOWNLOADER.COM] Diet Pepsi,Romantic Ballad
[SPOTDOWNLOADER.COM] Dream On,Angst
[SPOTDOWNLOADER.COM] Electric Love,Angst
[SPOTDOWNLOADER.COM] Femininomenon,Romantic Ballad
[SPOTDOWNLOADER.COM] For Cryin' Out Loud!,Romantic Ballad
[SPOTDOWNLOADER.COM] He's My Man,Angst
[SPOTDOWNLOADER.COM] Heart Attack - Rock Version,Angst
[SPOTDOWNLOADER.COM] Heaven,Romantic Ballad
[SPOTDOWNLOADER.COM] Heavydirtysoul,Angst
[SPOTDOWNLOADER.COM] I Like You Best,Angst
[SPOTDOWNLOADER.COM] I Was Made For Lovin' You,Angst
[SPOTDOWNLOADER.COM] It's ok I'm ok,Angst
[SPOTDOWNLOADER.COM] Kaleidoscope,Romantic Ballad
[SPOTDOWNLOADER.COM] Killer Queen - Remastered 2011,Angst
[SPOTDOWNLOADER.COM] Lost,Angst
[SPOTDOWNLOADER.COM] Lotus Eater,Romantic Ballad
"[SPOTDOWNLOADER.COM] Mona Lisa, Mona Lisa",Romantic Ballad
[SPOTDOWNLOADER.COM] Monster,Angst
[SPOTDOWNLOADER.COM] Moonlit Floor (Kiss Me),Romantic Ballad
[SPOTDOWNLOADER.COM] Move,Angst
[SPOTDOWNLOADER.COM] My Kink Is Karma,Romantic Ballad
[SPOTDOWNLOADER.COM] Naked,Romantic Ballad
[SPOTDOWNLOADER.COM] Numb,Angst
[SPOTDOWNLOADER.COM] One More Light,Angst
[SPOTDOWNLOADER.COM] Overcompensate,Angst
[SPOTDOWNLOADER.COM] Paint The Town Blue (from the series Arcane League of Legends),Instrumental
[SPOTDOWNLOADER.COM] parents,Angst
[SPOTDOWNLOADER.COM] Pink Pony Club,Romantic Ballad
[SPOTDOWNLOADER.COM] Pretty Girls (1),Romantic Ballad
[SPOTDOWNLOADER.COM] Prom Queen,Angst
[SPOTDOWNLOADER.COM] Psycho Killer - 2005 Remaster,Angst
[SPOTDOWNLOADER.COM] Red Wine Supernova (1),Romantic Ballad
[SPOTDOWNLOADER.COM] Sailor Song,Romantic Ballad
[SPOTDOWNLOADER.COM] Sleepyhead,Angst
[SPOTDOWNLOADER.COM] SUPERMODEL,Angst
[SPOTDOWNLOADER.COM] Tear in My Heart,Angst
[SPOTDOWNLOADER.COM] TIMEZONE,Angst
[SPOTDOWNLOADER.COM] Too Well,Romantic Ballad
[SPOTDOWNLOADER.COM] Touch,Romantic Ballad
[SPOTDOWNLOADER.COM] Video Games,Angst
[SPOTDOWNLOADER.COM] Zombie,Angst
